{"proportion": {"C[+][+]": 1.4285714285714286, "Matlab": 3.857142857142857, "Python": 6.0, "Java": 1.5714285714285714, "scipy": 0.0, "pandas": 0.5714285714285714, "Excel": 1.4285714285714286, "C": 5.714285714285714, "SAS": 1.1428571428571428, "Weka": 0.8571428571428571, "Mathematica": 0.14285714285714285, "Stata": 0.14285714285714285, "(?:python)|(?:sklearn)|(?:scikit)|(?:sci[-]kit)|(?:pandas)": 9.285714285714286, "numpy": 0.2857142857142857, "SPSS": 0.14285714285714285, "R": 13.714285714285714, "(?:sklearn)|(?:sci[-]kit)|(?:scikit)": 2.5714285714285716}, "total": {"C[+][+]": 10, "Matlab": 27, "Python": 42, "Java": 11, "scipy": 0, "pandas": 4, "Excel": 10, "C": 40, "SAS": 8, "Weka": 6, "Mathematica": 1, "Stata": 1, "(?:python)|(?:sklearn)|(?:scikit)|(?:sci[-]kit)|(?:pandas)": 65, "numpy": 2, "SPSS": 1, "R": 96, "(?:sklearn)|(?:sci[-]kit)|(?:scikit)": 18}, "once": {"C[+][+]": 10, "Matlab": 20, "Python": 28, "Java": 7, "scipy": 0, "pandas": 4, "Excel": 7, "C": 24, "SAS": 5, "Weka": 4, "Mathematica": 1, "Stata": 1, "(?:python)|(?:sklearn)|(?:scikit)|(?:sci[-]kit)|(?:pandas)": 30, "numpy": 2, "SPSS": 1, "R": 41, "(?:sklearn)|(?:sci[-]kit)|(?:scikit)": 10}, "class_proportion": {"C[+][+]": 5.0, "Matlab": 20.0, "Python": 9.333333333333334, "Java": 3.5, "pandas": 2.0, "Excel": 3.5, "C": 8.0, "SAS": 1.0, "Weka": 2.0, "Mathematica": 0.5, "(?:python)|(?:sklearn)|(?:scikit)|(?:sci[-]kit)|(?:pandas)": 10.0, "Stata": 1.0, "numpy": 0.4, "SPSS": 0.25, "R": 13.666666666666666, "(?:sklearn)|(?:sci[-]kit)|(?:scikit)": 10.0}}